{
  "burnt_on": true,
  "biome_specific": false,
  "vanilla_catch": true,
  "crafted_blocks_burn": true,
  "wool_burns": true,
  "rain_extinguish": true,
  "collapse_on": true,
  "burn_damage": true,
  "flame_particles": true,
  "smoke_particles": true,
  "ash_particles": true,
  "soot_on": true,
  "flame_bow_on": true,
  "fire_aspect_on": false,
  "lightning_catch": false,
  "particle_distance": 32,
  "fire_speed": 5,
  "fire_spread": 6,
  "player_distance": 160,
  "grass_recovery": 3,
  "fire_devil": true,
  "wisp": true
}