{
  "revoke2ndShapeOnDeath": false,
  "shapesEquipItems": true,
  "shapesEquipArmor": true,
  "playerCanTriggerHostiles": true,
  "hostilesIgnoreHostileShapedPlayer": true,
  "hostilesForgetNewHostileShapedPlayer": false,
  "hunterAttackAsPreyMorphedPlayer": true,
  "ownedHunterAttackAsPreyMorphedPlayer": false,
  "villagersRunFrom2ndShapes": true,
  "useShapeSounds": true,
  "playAmbientSounds": true,
  "hearSelfAmbient": false,
  "enableFlight": true,
  "hostilityTime": 300,
  "advancementsRequiredForFlight": [],
  "scalingHealth": true,
  "percentScalingHealth": true,
  "maxHealth": 40,
  "endermanAbilityTeleportDistance": 32,
  "showPlayerNametag": false,
  "flySpeed": 0.05,
  "wardenIsBlinded": true,
  "wardenBlindsNearby": true,
  "unlockOverridesCurrentShape": false,
  "unlockTimer": 60.0,
  "unlockEveryVariant": true,
  "abilityCooldownMap": {
    "minecraft:blaze": 20,
    "minecraft:pillager": 2400,
    "minecraft:ravager": 2400,
    "minecraft:ghast": 60,
    "minecraft:mule": 40,
    "minecraft:skeleton_horse": 40,
    "minecraft:sniffer": 9600,
    "minecraft:trader_llama": 20,
    "minecraft:cow": 20,
    "minecraft:vindicator": 2400,
    "minecraft:zombie_horse": 40,
    "minecraft:camel": 40,
    "minecraft:creeper": 100,
    "minecraft:warden": 200,
    "minecraft:wither": 200,
    "minecraft:horse": 40,
    "minecraft:bee": 20,
    "minecraft:evoker": 10,
    "minecraft:polar_bear": 20,
    "minecraft:pufferfish": 20,
    "minecraft:illusioner": 2400,
    "minecraft:zombified_piglin": 20,
    "minecraft:witch": 200,
    "minecraft:llama": 20,
    "minecraft:iron_golem": 20,
    "minecraft:turtle": 6000,
    "minecraft:sheep": 20,
    "minecraft:ender_dragon": 20,
    "minecraft:snow_golem": 10,
    "minecraft:shulker": 80,
    "minecraft:mooshroom": 300,
    "minecraft:enderman": 100,
    "minecraft:goat": 20,
    "minecraft:endermite": 20,
    "minecraft:chicken": 1200,
    "minecraft:wolf": 20,
    "minecraft:rabbit": 40
  },
  "multiVectorVariants": 2,
  "abilityBlacklist": [],
  "entityBlacklist": [],
  "entityBlacklistIsWhitelist": false,
  "playerUUIDBlacklist": [],
  "playerBlacklistIsWhitelist": false,
  "blacklistPreventsUnlocking": true,
  "blacklistPreventsMorphing": true
}